[{"lng":-2.60274,"Town":"Abbotsbury","Population":54467,"County":"Dorset","lat":50.66761},{"lng":-5.12175,"Town":"Ach'an Tobhair","Population":26717,"County":"Highland","lat":56.8049},{"lng":-2.09777,"Town":"Acton Trussell","Population":155067,"County":"Staffordshire","lat":52.76406},{"lng":-3.5947,"Town":"Aberkenfig","Population":43096,"County":"Bridgend","lat":51.53955},{"lng":-6.20922,"Town":"Achtalean","Population":64815,"County":"Highland","lat":57.43839},{"lng":-5.33568,"Town":"Achmore","Population":104867,"County":"Highland","lat":57.914},{"lng":-3.21083,"Town":"Abernyte","Population":127763,"County":"Perth and Kinross","lat":56.46971},{"lng":-3.4268,"Town":"Aberaman","Population":146023,"County":"Rhondda Cynon Taff","lat":51.70357},{"lng":-2.23931,"Town":"Alderton","Population":98113,"County":"Wiltshire","lat":51.54115},{"lng":-4.43292,"Town":"Achnahuaigh","Population":96744,"County":"Highland","lat":58.54549}]